Region|Month of Period End|Median Sale Price|Homes Sold|New Listings|Days on Market
Campbell|Feb-12|$590K|33|52|70
Campbell|Mar-12|$530K|47|41|19
Campbell|Apr-12|$590K|45|42|25
Campbell|May-12|$630K|50|53|20
Campbell|Jun-12|$705K|42|44|11
Campbell|Jul-12|$651K|41|50|12
Campbell|Aug-12|$640K|59|33|14
Campbell|Sep-12|$591K|32|44|19
Campbell|Oct-12|$671K|31|42|13
Campbell|Nov-12|$720K|41|31|17
Campbell|Dec-12|$760K|39|12|12
Campbell|Jan-13|$635K|21|43|13
Campbell|Feb-13|$733K|30|34|12
Campbell|Mar-13|$767K|39|53|11
Campbell|Apr-13|$684K|36|55|11
Campbell|May-13|$750K|40|60|9
Campbell|Jun-13|$708K|52|46|12
Campbell|Jul-13|$753K|50|51|17
Campbell|Aug-13|$690K|39|35|13
Campbell|Sep-13|$780K|36|49|18
Campbell|Oct-13|$779K|45|42|13
Campbell|Nov-13|$785K|33|30|16
Campbell|Dec-13|$725K|35|9|14
Campbell|Jan-14|$815K|25|32|17
Campbell|Feb-14|$801K|26|44|12
Campbell|Mar-14|$825K|42|33|9
Campbell|Apr-14|$858K|42|60|11
Campbell|May-14|$853K|48|47|10
Campbell|Jun-14|$905K|32|50|11
Campbell|Jul-14|$866K|58|54|13
Campbell|Aug-14|$795K|30|39|13
Campbell|Sep-14|$875K|41|48|13
Campbell|Oct-14|$770K|41|30|11
Campbell|Nov-14|$885K|29|22|27
Campbell|Dec-14|$875K|29|12|14
Campbell|Jan-15|$959K|23|20|13
Campbell|Feb-15|$970K|19|43|11
Campbell|Mar-15|$885K|33|43|9
Campbell|Apr-15|$1,015K|39|54|10
Campbell|May-15|$1,055K|43|48|10
Campbell|Jun-15|$960K|55|50|10
Campbell|Jul-15|$955K|41|47|13
Campbell|Aug-15|$960K|35|43|17
Campbell|Sep-15|$950K|43|33|21
Campbell|Oct-15|$820K|29|38|20
Campbell|Nov-15|$1,040K|26|27|28
Campbell|Dec-15|$960K|38|11|27
Campbell|Jan-16|$983K|24|32|45
Campbell|Feb-16|$1,068K|19|43|10
Campbell|Mar-16|$1,116K|28|44|12
Campbell|Apr-16|$1,110K|40|41|15
Campbell|May-16|$1,186K|39|48|22
Campbell|Jun-16|$1,099K|40|60|19
Campbell|Jul-16|$960K|39|49|32
Campbell|Aug-16|$998K|44|51|35
Campbell|Sep-16|$1,018K|54|56|38
Campbell|Oct-16|$1,030K|55|39|29
Campbell|Nov-16|$1,100K|33|28|37
Campbell|Dec-16|$1,023K|36|11|45
Campbell|Jan-17|$950K|26|33|52
Campbell|Feb-17|$1,166K|22|27|21
Campbell|Mar-17|$1,191K|34|39|16
Campbell|Apr-17|$1,150K|39|57|12
Campbell|May-17|$1,135K|55|47|14
Campbell|Jun-17|$1,300K|57|57|10
Campbell|Jul-17|$1,238K|48|43|12
Campbell|Aug-17|$1,260K|51|38|8
Campbell|Sep-17|$1,243K|36|48|9
Campbell|Oct-17|$1,385K|36|36|14
Campbell|Nov-17|$1,275K|45|34|16
Campbell|Dec-17|$1,525K|43|11|8
Campbell|Jan-18|$1,525K|15|22|16
Campbell|Feb-18|$1,350K|18|40|8
Campbell|Mar-18|$1,381K|36|44|10
Campbell|Apr-18|$1,398K|36|58|10
Campbell|May-18|$1,530K|53|71|11
Campbell|Jun-18|$1,450K|56|46|12
Campbell|Jul-18|$1,260K|43|52|21
Campbell|Aug-18|$1,305K|38|35|23
Campbell|Sep-18|$1,255K|41|60|27
Campbell|Oct-18|$1,410K|28|41|16
Campbell|Nov-18|$1,262K|29|20|21
Campbell|Dec-18|$1,335K|37|11|53
Campbell|Jan-19|$1,355K|16|32|73
Campbell|Feb-19|$1,375K|16|32|16
Campbell|Mar-19|$1,430K|39|40|29
Campbell|Apr-19|$1,358K|30|60|30
Campbell|May-19|$1,299K|46|73|19
Campbell|Jun-19|$1,334K|46|64|18
Campbell|Jul-19|$1,330K|41|38|41
Campbell|Aug-19|$1,245K|39|38|42
Campbell|Sep-19|$1,225K|31|49|31
Campbell|Oct-19|$1,300K|39|31|35
Campbell|Nov-19|$1,285K|31|20|37
Campbell|Dec-19|$1,073K|34|11|38
Campbell|Jan-20|$1,330K|22|35|50
Campbell|Feb-20|$1,301K|27|37|16
Campbell|Mar-20|$1,364K|36|41|10
Campbell|Apr-20|$1,388K|24|29|10
Campbell|May-20|$1,521K|24|43|29
Campbell|Jun-20|$1,219K|34|43|34
Campbell|Jul-20|$1,325K|39|42|13
Campbell|Aug-20|$1,390K|33|45|19
Campbell|Sep-20|$1,398K|46|70|15
Campbell|Oct-20|$1,500K|54|36|14
Campbell|Nov-20|$1,275K|35|32|21
Campbell|Dec-20|$1,380K|37|38|19
Campbell|Jan-21|$1,355K|34|53|18
Campbell|Feb-21|$1,373K|38|56|15
Campbell|Mar-21|$1,540K|50|55|13
Campbell|Apr-21|$1,567K|67|55|19
Campbell|May-21|$1,456K|57|52|12
Campbell|Jun-21|$1,573K|48|53|12
Campbell|Jul-21|$1,352K|55|67|14
Campbell|Aug-21|$1,478K|60|49|17
Campbell|Sep-21|$1,420K|54|63|10
Campbell|Oct-21|$1,660K|52|41|10
Campbell|Nov-21|$1,563K|50|24|11
Campbell|Dec-21|$1,530K|34|9|16
Campbell|Jan-22|$1,427K|15|22|28
Campbell|Feb-22|$1,648K|19|40|7
Campbell|Mar-22|$1,800K|41|52|9
Cupertino|Feb-12|$925K|25|46|33
Cupertino|Mar-12|$948K|32|54|11
Cupertino|Apr-12|$1,080K|48|57|11
Cupertino|May-12|$1,080K|55|48|13
Cupertino|Jun-12|$1,208K|48|58|13
Cupertino|Jul-12|$1,072K|48|51|13
Cupertino|Aug-12|$1,050K|51|39|12
Cupertino|Sep-12|$1,172K|31|33|10
Cupertino|Oct-12|$1,110K|29|37|10
Cupertino|Nov-12|$1,220K|41|29|11
Cupertino|Dec-12|$1,283K|32|11|14
Cupertino|Jan-13|$1,130K|20|25|17
Cupertino|Feb-13|$1,318K|22|46|10
Cupertino|Mar-13|$1,200K|35|46|10
Cupertino|Apr-13|$1,280K|47|47|11
Cupertino|May-13|$1,291K|49|54|10
Cupertino|Jun-13|$1,333K|38|56|9
Cupertino|Jul-13|$1,320K|47|62|10
Cupertino|Aug-13|$1,270K|49|29|11
Cupertino|Sep-13|$1,260K|43|47|11
Cupertino|Oct-13|$1,335K|34|31|11
Cupertino|Nov-13|$1,520K|29|16|14
Cupertino|Dec-13|$1,147K|24|19|9
Cupertino|Jan-14|$1,123K|24|23|13
Cupertino|Feb-14|$1,350K|23|37|10
Cupertino|Mar-14|$1,523K|34|50|11
Cupertino|Apr-14|$1,555K|45|40|10
Cupertino|May-14|$1,683K|38|45|10
Cupertino|Jun-14|$1,649K|49|38|10
Cupertino|Jul-14|$1,595K|35|43|9
Cupertino|Aug-14|$1,486K|28|30|11
Cupertino|Sep-14|$1,505K|38|41|10
Cupertino|Oct-14|$1,605K|33|25|12
Cupertino|Nov-14|$1,438K|26|14|15
Cupertino|Dec-14|$1,732K|19|12|16
Cupertino|Jan-15|$1,550K|13|22|12
Cupertino|Feb-15|$1,564K|16|37|10
Cupertino|Mar-15|$1,701K|39|39|10
Cupertino|Apr-15|$1,700K|39|53|9
Cupertino|May-15|$1,870K|37|52|10
Cupertino|Jun-15|$1,655K|43|48|10
Cupertino|Jul-15|$1,745K|37|41|15
Cupertino|Aug-15|$1,843K|34|33|12
Cupertino|Sep-15|$1,738K|28|32|28
Cupertino|Oct-15|$1,488K|27|25|25
Cupertino|Nov-15|$1,728K|24|19|24
Cupertino|Dec-15|$1,680K|27|9|14
Cupertino|Jan-16|$1,625K|17|22|17
Cupertino|Feb-16|$1,470K|8|47|8
Cupertino|Mar-16|$1,751K|26|46|14
Cupertino|Apr-16|$1,800K|43|51|10
Cupertino|May-16|$1,778K|42|44|13
Cupertino|Jun-16|$1,698K|50|42|11
Cupertino|Jul-16|$1,765K|25|26|25
Cupertino|Aug-16|$1,450K|32|34|33
Cupertino|Sep-16|$1,619K|36|23|18
Cupertino|Oct-16|$1,625K|28|24|15
Cupertino|Nov-16|$1,780K|31|17|11
Cupertino|Dec-16|$1,738K|13|7|16
Cupertino|Jan-17|$1,702K|21|18|30
Cupertino|Feb-17|$1,750K|13|37|11
Cupertino|Mar-17|$1,850K|32|33|8
Cupertino|Apr-17|$1,760K|31|37|9
Cupertino|May-17|$1,915K|33|44|8
Cupertino|Jun-17|$1,623K|39|28|8
Cupertino|Jul-17|$1,950K|29|26|8
Cupertino|Aug-17|$2,035K|26|36|12
Cupertino|Sep-17|$1,851K|38|26|10
Cupertino|Oct-17|$1,800K|31|20|9
Cupertino|Nov-17|$1,890K|15|25|9
Cupertino|Dec-17|$2,246K|24|14|9
Cupertino|Jan-18|$2,485K|15|32|9
Cupertino|Feb-18|$2,160K|25|28|10
Cupertino|Mar-18|$2,300K|31|35|9
Cupertino|Apr-18|$2,200K|35|39|9
Cupertino|May-18|$2,210K|38|55|9
Cupertino|Jun-18|$2,368K|32|46|9
Cupertino|Jul-18|$2,313K|36|32|14
Cupertino|Aug-18|$1,910K|33|30|12
Cupertino|Sep-18|$1,923K|15|35|13
Cupertino|Oct-18|$2,363K|29|33|20
Cupertino|Nov-18|$2,125K|28|18|14
Cupertino|Dec-18|$1,910K|11|5|31
Cupertino|Jan-19|$2,200K|16|25|43
Cupertino|Feb-19|$2,300K|17|27|18
Cupertino|Mar-19|$1,990K|20|46|20
Cupertino|Apr-19|$2,300K|33|48|12
Cupertino|May-19|$1,940K|50|54|21
Cupertino|Jun-19|$2,197K|32|43|14
Cupertino|Jul-19|$2,050K|39|35|17
Cupertino|Aug-19|$2,125K|24|29|20
Cupertino|Sep-19|$1,550K|28|43|33
Cupertino|Oct-19|$1,675K|35|26|37
Cupertino|Nov-19|$1,740K|27|11|13
Cupertino|Dec-19|$2,150K|24|5|39
Cupertino|Jan-20|$2,125K|12|31|46
Cupertino|Feb-20|$2,100K|27|41|10
Cupertino|Mar-20|$2,200K|23|34|9
Cupertino|Apr-20|$2,114K|30|27|9
Cupertino|May-20|$1,851K|13|39|30
Cupertino|Jun-20|$2,050K|35|47|9
Cupertino|Jul-20|$2,053K|38|34|12
Cupertino|Aug-20|$2,223K|35|35|22
Cupertino|Sep-20|$2,086K|28|43|13
Cupertino|Oct-20|$2,163K|40|38|10
Cupertino|Nov-20|$2,125K|33|16|16
Cupertino|Dec-20|$2,238K|22|26|14
Cupertino|Jan-21|$1,980K|22|43|9
Cupertino|Feb-21|$2,185K|32|36|9
Cupertino|Mar-21|$2,375K|43|62|10
Cupertino|Apr-21|$2,315K|48|53|14
Cupertino|May-21|$2,207K|47|61|11
Cupertino|Jun-21|$2,724K|64|58|9
Cupertino|Jul-21|$2,733K|58|55|9
Cupertino|Aug-21|$2,450K|48|48|8
Cupertino|Sep-21|$2,720K|47|35|8
Cupertino|Oct-21|$2,294K|30|32|13
Cupertino|Nov-21|$2,350K|39|31|10
Cupertino|Dec-21|$2,700K|33|12|9
Cupertino|Jan-22|$2,365K|17|39|9
Cupertino|Feb-22|$2,180K|23|33|8
Cupertino|Mar-22|$2,549K|42|35|8
Gilroy|Feb-12|$305K|37|76|66
Gilroy|Mar-12|$348K|62|61|32
Gilroy|Apr-12|$343K|78|50|26
Gilroy|May-12|$365K|67|63|35
Gilroy|Jun-12|$414K|52|45|19
Gilroy|Jul-12|$411K|55|62|26
Gilroy|Aug-12|$415K|53|48|15
Gilroy|Sep-12|$431K|53|40|14
Gilroy|Oct-12|$400K|53|52|16
Gilroy|Nov-12|$417K|39|39|14
Gilroy|Dec-12|$430K|46|20|12
Gilroy|Jan-13|$449K|31|39|12
Gilroy|Feb-13|$426K|43|67|14
Gilroy|Mar-13|$487K|46|55|11
Gilroy|Apr-13|$455K|47|62|21
Gilroy|May-13|$515K|54|52|11
Gilroy|Jun-13|$520K|56|50|14
Gilroy|Jul-13|$525K|51|76|14
Gilroy|Aug-13|$535K|46|62|12
Gilroy|Sep-13|$460K|48|66|15
Gilroy|Oct-13|$503K|56|54|28
Gilroy|Nov-13|$540K|45|53|27
Gilroy|Dec-13|$475K|39|16|37
Gilroy|Jan-14|$535K|25|32|33
Gilroy|Feb-14|$591K|27|40|53
Gilroy|Mar-14|$571K|36|70|39
Gilroy|Apr-14|$570K|53|65|20
Gilroy|May-14|$578K|52|72|14
Gilroy|Jun-14|$558K|42|75|19
Gilroy|Jul-14|$560K|54|56|20
Gilroy|Aug-14|$575K|45|54|28
Gilroy|Sep-14|$603K|47|60|43
Gilroy|Oct-14|$574K|50|52|40
Gilroy|Nov-14|$620K|41|36|44
Gilroy|Dec-14|$596K|45|24|34
Gilroy|Jan-15|$555K|32|44|45
Gilroy|Feb-15|$549K|35|50|40
Gilroy|Mar-15|$595K|40|72|22
Gilroy|Apr-15|$602K|63|61|16
Gilroy|May-15|$650K|61|79|21
Gilroy|Jun-15|$615K|68|58|25
Gilroy|Jul-15|$690K|66|68|26
Gilroy|Aug-15|$620K|48|73|32
Gilroy|Sep-15|$620K|49|65|28
Gilroy|Oct-15|$615K|53|51|34
Gilroy|Nov-15|$643K|34|38|47
Gilroy|Dec-15|$650K|53|33|46
Gilroy|Jan-16|$655K|36|44|60
Gilroy|Feb-16|$652K|50|48|40
Gilroy|Mar-16|$642K|46|63|30
Gilroy|Apr-16|$650K|49|76|20
Gilroy|May-16|$640K|64|72|35
Gilroy|Jun-16|$670K|61|84|36
Gilroy|Jul-16|$660K|55|66|36
Gilroy|Aug-16|$670K|63|70|50
Gilroy|Sep-16|$666K|42|51|58
Gilroy|Oct-16|$655K|57|60|42
Gilroy|Nov-16|$689K|47|43|54
Gilroy|Dec-16|$649K|55|27|59
Gilroy|Jan-17|$665K|47|37|59
Gilroy|Feb-17|$688K|28|43|63
Gilroy|Mar-17|$670K|47|85|37
Gilroy|Apr-17|$675K|43|74|32
Gilroy|May-17|$688K|83|70|30
Gilroy|Jun-17|$700K|72|71|41
Gilroy|Jul-17|$721K|79|56|33
Gilroy|Aug-17|$685K|48|66|42
Gilroy|Sep-17|$735K|54|55|45
Gilroy|Oct-17|$696K|61|43|34
Gilroy|Nov-17|$730K|47|38|37
Gilroy|Dec-17|$762K|52|31|22
Gilroy|Jan-18|$799K|37|41|38
Gilroy|Feb-18|$750K|32|55|19
Gilroy|Mar-18|$778K|52|70|13
Gilroy|Apr-18|$750K|49|73|21
Gilroy|May-18|$787K|74|84|19
Gilroy|Jun-18|$820K|61|72|21
Gilroy|Jul-18|$793K|52|56|29
Gilroy|Aug-18|$763K|55|68|29
Gilroy|Sep-18|$729K|38|68|30
Gilroy|Oct-18|$748K|40|49|37
Gilroy|Nov-18|$782K|50|43|54
Gilroy|Dec-18|$721K|38|24|67
Gilroy|Jan-19|$810K|20|40|56
Gilroy|Feb-19|$715K|35|50|44
Gilroy|Mar-19|$810K|43|50|49
Gilroy|Apr-19|$744K|44|92|34
Gilroy|May-19|$759K|63|75|32
Gilroy|Jun-19|$763K|50|65|30
Gilroy|Jul-19|$757K|54|65|37
Gilroy|Aug-19|$780K|51|55|45
Gilroy|Sep-19|$750K|57|55|44
Gilroy|Oct-19|$766K|50|55|43
Gilroy|Nov-19|$792K|34|19|42
Gilroy|Dec-19|$758K|40|9|53
Gilroy|Jan-20|$755K|32|38|83
Gilroy|Feb-20|$785K|20|51|39
Gilroy|Mar-20|$803K|36|51|43
Gilroy|Apr-20|$805K|22|39|36
Gilroy|May-20|$838K|20|62|39
Gilroy|Jun-20|$853K|68|68|45
Gilroy|Jul-20|$788K|71|66|37
Gilroy|Aug-20|$820K|70|57|35
Gilroy|Sep-20|$834K|62|60|28
Gilroy|Oct-20|$850K|62|56|20
Gilroy|Nov-20|$915K|57|49|21
Gilroy|Dec-20|$891K|49|48|13
Gilroy|Jan-21|$865K|39|50|13
Gilroy|Feb-21|$860K|47|50|18
Gilroy|Mar-21|$934K|61|68|22
Gilroy|Apr-21|$1,020K|67|81|13
Gilroy|May-21|$1,010K|78|79|12
Gilroy|Jun-21|$1,000K|63|85|11
Gilroy|Jul-21|$970K|79|66|18
Gilroy|Aug-21|$1,015K|57|59|15
Gilroy|Sep-21|$955K|57|57|27
Gilroy|Oct-21|$950K|61|54|20
Gilroy|Nov-21|$1,040K|55|36|14
Gilroy|Dec-21|$1,075K|47|23|20
Gilroy|Jan-22|$978K|26|46|7
Gilroy|Feb-22|$1,120K|43|50|12
Gilroy|Mar-22|$1,120K|47|65|9
Los Altos|Feb-12|$1,821K|14|35|10
Los Altos|Mar-12|$1,752K|43|44|12
Los Altos|Apr-12|$1,750K|33|49|9
Los Altos|May-12|$1,770K|45|56|11
Los Altos|Jun-12|$1,725K|45|41|10
Los Altos|Jul-12|$1,950K|44|44|15
Los Altos|Aug-12|$1,835K|35|28|12
Los Altos|Sep-12|$1,788K|26|50|18
Los Altos|Oct-12|$1,728K|50|38|13
Los Altos|Nov-12|$1,810K|33|17|13
Los Altos|Dec-12|$1,668K|32|12|11
Los Altos|Jan-13|$1,735K|10|22|36
Los Altos|Feb-13|$1,885K|20|38|10
Los Altos|Mar-13|$2,065K|28|44|9
Los Altos|Apr-13|$2,069K|48|54|10
Los Altos|May-13|$1,810K|45|56|10
Los Altos|Jun-13|$1,931K|43|40|10
Los Altos|Jul-13|$1,926K|41|38|11
Los Altos|Aug-13|$2,088K|44|26|10
Los Altos|Sep-13|$2,100K|23|33|8
Los Altos|Oct-13|$1,870K|33|32|12
Los Altos|Nov-13|$2,088K|30|17|9
Los Altos|Dec-13|$1,920K|24|10|11
Los Altos|Jan-14|$1,899K|10|18|11
Los Altos|Feb-14|$2,131K|16|25|9
Los Altos|Mar-14|$2,450K|28|39|9
Los Altos|Apr-14|$2,251K|40|50|9
Los Altos|May-14|$2,350K|37|42|8
Los Altos|Jun-14|$2,178K|44|35|10
Los Altos|Jul-14|$2,300K|31|28|9
Los Altos|Aug-14|$2,225K|26|25|10
Los Altos|Sep-14|$2,200K|25|28|11
Los Altos|Oct-14|$2,488K|30|33|8
Los Altos|Nov-14|$2,150K|18|18|9
Los Altos|Dec-14|$2,399K|18|14|8
Los Altos|Jan-15|$2,238K|16|24|10
Los Altos|Feb-15|$2,600K|21|32|9
Los Altos|Mar-15|$2,741K|31|43|9
Los Altos|Apr-15|$2,650K|33|48|8
Los Altos|May-15|$2,550K|43|32|8
Los Altos|Jun-15|$2,799K|35|46|9
Los Altos|Jul-15|$2,700K|33|24|10
Los Altos|Aug-15|$2,680K|33|28|14
Los Altos|Sep-15|$2,775K|26|44|10
Los Altos|Oct-15|$2,700K|29|29|10
Los Altos|Nov-15|$2,520K|26|12|11
Los Altos|Dec-15|$2,610K|19|5|21
Los Altos|Jan-16|$1,825K|10|17|20
Los Altos|Feb-16|$2,600K|13|22|9
Los Altos|Mar-16|$2,718K|22|49|9
Los Altos|Apr-16|$2,740K|33|43|9
Los Altos|May-16|$3,050K|29|50|10
Los Altos|Jun-16|$2,600K|45|34|13
Los Altos|Jul-16|$2,705K|36|23|22
Los Altos|Aug-16|$2,380K|17|29|14
Los Altos|Sep-16|$1,973K|40|50|15
Los Altos|Oct-16|$2,501K|27|20|21
Los Altos|Nov-16|$2,525K|26|17|18
Los Altos|Dec-16|$2,178K|20|10|27
Los Altos|Jan-17|$3,055K|15|22|21
Los Altos|Feb-17|$2,650K|18|21|13
Los Altos|Mar-17|$3,020K|31|53|9
Los Altos|Apr-17|$2,974K|34|38|10
Los Altos|May-17|$2,750K|41|47|10
Los Altos|Jun-17|$3,000K|47|30|9
Los Altos|Jul-17|$2,800K|31|24|9
Los Altos|Aug-17|$2,820K|25|28|9
Los Altos|Sep-17|$2,800K|32|48|11
Los Altos|Oct-17|$2,900K|39|28|9
Los Altos|Nov-17|$3,010K|41|20|10
Los Altos|Dec-17|$3,276K|17|9|10
Los Altos|Jan-18|$2,950K|9|23|7
Los Altos|Feb-18|$3,463K|22|26|9
Los Altos|Mar-18|$3,475K|34|38|10
Los Altos|Apr-18|$3,305K|26|38|8
Los Altos|May-18|$3,125K|36|45|9
Los Altos|Jun-18|$3,105K|35|28|9
Los Altos|Jul-18|$3,200K|31|25|13
Los Altos|Aug-18|$3,500K|21|24|9
Los Altos|Sep-18|$3,088K|18|39|9
Los Altos|Oct-18|$3,004K|32|31|9
Los Altos|Nov-18|$3,500K|25|11|26
Los Altos|Dec-18|$3,200K|13|3|27
Los Altos|Jan-19|$2,475K|10|22|28
Los Altos|Feb-19|$3,113K|14|30|8
Los Altos|Mar-19|$3,750K|21|39|12
Los Altos|Apr-19|$3,020K|33|36|9
Los Altos|May-19|$3,400K|44|66|18
Los Altos|Jun-19|$3,100K|37|36|14
Los Altos|Jul-19|$3,150K|40|20|15
Los Altos|Aug-19|$3,188K|24|32|31
Los Altos|Sep-19|$3,175K|28|45|14
Los Altos|Oct-19|$3,250K|35|29|15
Los Altos|Nov-19|$2,778K|28|14|45
Los Altos|Dec-19|$2,750K|23|1|27
Los Altos|Jan-20|$3,125K|9|26|52
Los Altos|Feb-20|$3,300K|17|36|9
Los Altos|Mar-20|$3,170K|19|25|9
Los Altos|Apr-20|$2,700K|19|24|12
Los Altos|May-20|$2,910K|18|35|18
Los Altos|Jun-20|$3,150K|40|39|11
Los Altos|Jul-20|$3,136K|39|52|17
Los Altos|Aug-20|$3,179K|38|41|11
Los Altos|Sep-20|$3,400K|35|38|10
Los Altos|Oct-20|$3,189K|34|42|15
Los Altos|Nov-20|$3,705K|38|27|10
Los Altos|Dec-20|$3,359K|32|20|9
Los Altos|Jan-21|$3,580K|17|36|22
Los Altos|Feb-21|$3,500K|15|27|30
Los Altos|Mar-21|$3,678K|36|49|12
Los Altos|Apr-21|$3,700K|49|47|8
Los Altos|May-21|$3,772K|45|50|10
Los Altos|Jun-21|$4,138K|53|60|9
Los Altos|Jul-21|$3,883K|58|33|10
Los Altos|Aug-21|$3,793K|38|40|12
Los Altos|Sep-21|$4,200K|33|49|9
Los Altos|Oct-21|$4,150K|41|25|9
Los Altos|Nov-21|$4,375K|37|21|9
Los Altos|Dec-21|$3,750K|27|9|10
Los Altos|Jan-22|$4,163K|10|15|23
Los Altos|Feb-22|$3,555K|14|30|9
Los Altos|Mar-22|$4,300K|27|38|8
Los Gatos|Feb-12|$850K|33|57|70
Los Gatos|Mar-12|$970K|64|87|40
Los Gatos|Apr-12|$1,113K|52|61|19
Los Gatos|May-12|$908K|68|89|21
Los Gatos|Jun-12|$1,200K|73|75|17
Los Gatos|Jul-12|$1,000K|43|57|16
Los Gatos|Aug-12|$938K|50|48|19
Los Gatos|Sep-12|$1,100K|43|55|30
Los Gatos|Oct-12|$1,030K|42|43|19
Los Gatos|Nov-12|$1,075K|53|33|44
Los Gatos|Dec-12|$1,041K|52|18|43
Los Gatos|Jan-13|$949K|23|39|32
Los Gatos|Feb-13|$1,068K|32|67|40
Los Gatos|Mar-13|$1,000K|43|65|17
Los Gatos|Apr-13|$1,275K|55|88|15
Los Gatos|May-13|$1,106K|68|76|9
Los Gatos|Jun-13|$1,235K|70|66|15
Los Gatos|Jul-13|$1,188K|62|75|16
Los Gatos|Aug-13|$1,109K|47|53|18
Los Gatos|Sep-13|$1,272K|46|64|29
Los Gatos|Oct-13|$1,035K|40|56|27
Los Gatos|Nov-13|$1,225K|43|32|31
Los Gatos|Dec-13|$1,286K|40|15|30
Los Gatos|Jan-14|$1,417K|32|54|74
Los Gatos|Feb-14|$1,287K|45|44|42
Los Gatos|Mar-14|$1,348K|50|83|16
Los Gatos|Apr-14|$1,385K|62|90|12
Los Gatos|May-14|$1,220K|55|66|13
Los Gatos|Jun-14|$1,425K|67|65|14
Los Gatos|Jul-14|$1,322K|60|57|21
Los Gatos|Aug-14|$1,335K|41|46|22
Los Gatos|Sep-14|$1,100K|43|48|29
Los Gatos|Oct-14|$1,111K|53|50|30
Los Gatos|Nov-14|$1,329K|24|30|25
Los Gatos|Dec-14|$1,510K|40|18|47
Los Gatos|Jan-15|$1,375K|26|30|21
Los Gatos|Feb-15|$1,535K|29|52|52
Los Gatos|Mar-15|$1,548K|50|82|13
Los Gatos|Apr-15|$1,460K|57|73|13
Los Gatos|May-15|$1,435K|57|78|11
Los Gatos|Jun-15|$1,526K|61|70|15
Los Gatos|Jul-15|$1,411K|68|53|34
Los Gatos|Aug-15|$1,443K|44|46|38
Los Gatos|Sep-15|$1,560K|55|70|28
Los Gatos|Oct-15|$1,475K|45|30|30
Los Gatos|Nov-15|$1,450K|31|38|38
Los Gatos|Dec-15|$1,713K|50|11|39
Los Gatos|Jan-16|$1,333K|14|28|72
Los Gatos|Feb-16|$1,437K|33|52|34
Los Gatos|Mar-16|$1,525K|35|71|24
Los Gatos|Apr-16|$1,400K|37|80|39
Los Gatos|May-16|$1,584K|58|67|30
Los Gatos|Jun-16|$1,503K|43|59|39
Los Gatos|Jul-16|$1,475K|49|50|39
Los Gatos|Aug-16|$1,220K|47|51|45
Los Gatos|Sep-16|$1,413K|44|55|42
Los Gatos|Oct-16|$1,393K|40|36|51
Los Gatos|Nov-16|$1,288K|38|26|54
Los Gatos|Dec-16|$1,300K|39|11|59
Los Gatos|Jan-17|$1,500K|27|26|42
Los Gatos|Feb-17|$2,100K|22|51|42
Los Gatos|Mar-17|$1,688K|45|61|28
Los Gatos|Apr-17|$1,770K|40|66|19
Los Gatos|May-17|$1,725K|47|85|20
Los Gatos|Jun-17|$1,785K|72|54|16
Los Gatos|Jul-17|$1,700K|50|49|22
Los Gatos|Aug-17|$1,680K|49|54|24
Los Gatos|Sep-17|$1,838K|48|46|33
Los Gatos|Oct-17|$1,575K|51|54|23
Los Gatos|Nov-17|$1,659K|47|18|22
Los Gatos|Dec-17|$1,800K|41|18|33
Los Gatos|Jan-18|$1,488K|26|47|39
Los Gatos|Feb-18|$1,656K|26|53|10
Los Gatos|Mar-18|$2,010K|54|59|12
Los Gatos|Apr-18|$1,805K|48|71|11
Los Gatos|May-18|$1,630K|50|87|15
Los Gatos|Jun-18|$1,900K|64|54|24
Los Gatos|Jul-18|$1,680K|39|56|34
Los Gatos|Aug-18|$1,506K|41|45|38
Los Gatos|Sep-18|$1,600K|35|64|46
Los Gatos|Oct-18|$1,580K|41|49|32
Los Gatos|Nov-18|$1,859K|40|21|30
Los Gatos|Dec-18|$2,125K|26|11|50
Los Gatos|Jan-19|$1,903K|24|39|93
Los Gatos|Feb-19|$1,975K|35|58|35
Los Gatos|Mar-19|$1,870K|41|51|31
Los Gatos|Apr-19|$1,775K|42|78|40
Los Gatos|May-19|$1,739K|56|71|27
Los Gatos|Jun-19|$1,955K|49|61|42
Los Gatos|Jul-19|$1,941K|50|44|35
Los Gatos|Aug-19|$1,735K|31|39|40
Los Gatos|Sep-19|$1,720K|35|45|61
Los Gatos|Oct-19|$1,410K|39|53|48
Los Gatos|Nov-19|$1,535K|34|16|49
Los Gatos|Dec-19|$1,559K|36|9|58
Los Gatos|Jan-20|$1,605K|29|34|66
Los Gatos|Feb-20|$1,600K|21|57|42
Los Gatos|Mar-20|$1,850K|41|60|22
Los Gatos|Apr-20|$1,870K|25|34|10
Los Gatos|May-20|$1,700K|29|55|36
Los Gatos|Jun-20|$1,963K|46|73|40
Los Gatos|Jul-20|$2,070K|70|72|23
Los Gatos|Aug-20|$2,050K|57|56|24
Los Gatos|Sep-20|$1,975K|57|53|41
Los Gatos|Oct-20|$1,990K|60|67|21
Los Gatos|Nov-20|$1,715K|48|36|23
Los Gatos|Dec-20|$1,786K|38|38|40
Los Gatos|Jan-21|$1,805K|39|41|24
Los Gatos|Feb-21|$1,825K|46|73|51
Los Gatos|Mar-21|$2,200K|59|78|17
Los Gatos|Apr-21|$2,063K|88|84|15
Los Gatos|May-21|$2,125K|78|75|17
Los Gatos|Jun-21|$2,475K|83|80|11
Los Gatos|Jul-21|$2,280K|63|80|11
Los Gatos|Aug-21|$1,903K|66|60|16
Los Gatos|Sep-21|$2,125K|66|52|21
Los Gatos|Oct-21|$2,451K|58|38|15
Los Gatos|Nov-21|$2,200K|51|35|18
Los Gatos|Dec-21|$2,330K|45|17|42
Los Gatos|Jan-22|$2,438K|22|33|11
Los Gatos|Feb-22|$2,038K|34|43|9
Los Gatos|Mar-22|$2,650K|45|64|9
Milpitas|Feb-12|$375K|45|53|24
Milpitas|Mar-12|$416K|50|54|21
Milpitas|Apr-12|$420K|47|59|28
Milpitas|May-12|$458K|60|63|20
Milpitas|Jun-12|$465K|60|53|15
Milpitas|Jul-12|$472K|34|61|15
Milpitas|Aug-12|$440K|43|45|12
Milpitas|Sep-12|$525K|41|40|14
Milpitas|Oct-12|$473K|46|53|17
Milpitas|Nov-12|$498K|64|24|12
Milpitas|Dec-12|$560K|51|18|12
Milpitas|Jan-13|$480K|27|41|38
Milpitas|Feb-13|$440K|27|39|11
Milpitas|Mar-13|$571K|33|44|11
Milpitas|Apr-13|$580K|47|50|10
Milpitas|May-13|$595K|40|61|12
Milpitas|Jun-13|$565K|46|68|12
Milpitas|Jul-13|$593K|61|86|13
Milpitas|Aug-13|$585K|73|66|12
Milpitas|Sep-13|$619K|43|62|19
Milpitas|Oct-13|$631K|56|41|15
Milpitas|Nov-13|$591K|45|32|19
Milpitas|Dec-13|$636K|38|21|32
Milpitas|Jan-14|$598K|32|37|14
Milpitas|Feb-14|$619K|34|42|15
Milpitas|Mar-14|$605K|39|54|12
Milpitas|Apr-14|$635K|49|49|12
Milpitas|May-14|$678K|44|68|13
Milpitas|Jun-14|$670K|45|44|12
Milpitas|Jul-14|$683K|46|65|14
Milpitas|Aug-14|$640K|41|68|13
Milpitas|Sep-14|$685K|48|52|16
Milpitas|Oct-14|$635K|42|57|20
Milpitas|Nov-14|$685K|49|25|21
Milpitas|Dec-14|$677K|56|16|28
Milpitas|Jan-15|$701K|22|47|28
Milpitas|Feb-15|$738K|26|33|10
Milpitas|Mar-15|$775K|43|59|12
Milpitas|Apr-15|$790K|51|61|12
Milpitas|May-15|$782K|42|72|11
Milpitas|Jun-15|$800K|64|62|13
Milpitas|Jul-15|$775K|58|57|15
Milpitas|Aug-15|$773K|48|68|15
Milpitas|Sep-15|$771K|50|51|15
Milpitas|Oct-15|$794K|49|49|20
Milpitas|Nov-15|$740K|36|32|39
Milpitas|Dec-15|$714K|40|21|17
Milpitas|Jan-16|$795K|25|29|16
Milpitas|Feb-16|$776K|29|52|18
Milpitas|Mar-16|$797K|52|61|14
Milpitas|Apr-16|$810K|49|55|14
Milpitas|May-16|$837K|47|48|14
Milpitas|Jun-16|$807K|54|59|14
Milpitas|Jul-16|$835K|46|71|21
Milpitas|Aug-16|$838K|62|60|19
Milpitas|Sep-16|$813K|46|56|13
Milpitas|Oct-16|$800K|55|32|27
Milpitas|Nov-16|$790K|46|18|20
Milpitas|Dec-16|$800K|33|20|36
Milpitas|Jan-17|$835K|18|26|15
Milpitas|Feb-17|$828K|20|35|13
Milpitas|Mar-17|$857K|34|48|14
Milpitas|Apr-17|$893K|40|60|13
Milpitas|May-17|$890K|56|61|12
Milpitas|Jun-17|$880K|65|52|13
Milpitas|Jul-17|$890K|49|52|16
Milpitas|Aug-17|$915K|50|39|14
Milpitas|Sep-17|$925K|45|41|13
Milpitas|Oct-17|$1,000K|43|37|12
Milpitas|Nov-17|$965K|33|22|11
Milpitas|Dec-17|$1,030K|27|19|15
Milpitas|Jan-18|$1,080K|18|28|12
Milpitas|Feb-18|$1,100K|29|36|9
Milpitas|Mar-18|$1,150K|33|65|8
Milpitas|Apr-18|$1,100K|55|63|10
Milpitas|May-18|$1,200K|45|79|12
Milpitas|Jun-18|$1,088K|43|71|13
Milpitas|Jul-18|$1,096K|54|69|14
Milpitas|Aug-18|$1,050K|53|67|15
Milpitas|Sep-18|$1,024K|53|73|19
Milpitas|Oct-18|$1,010K|53|60|20
Milpitas|Nov-18|$1,038K|40|51|23
Milpitas|Dec-18|$945K|35|15|35
Milpitas|Jan-19|$900K|33|46|40
Milpitas|Feb-19|$1,030K|28|44|28
Milpitas|Mar-19|$996K|47|72|17
Milpitas|Apr-19|$1,016K|35|66|25
Milpitas|May-19|$1,003K|60|86|20
Milpitas|Jun-19|$1,050K|51|72|21
Milpitas|Jul-19|$1,018K|57|60|23
Milpitas|Aug-19|$979K|60|51|26
Milpitas|Sep-19|$955K|33|47|31
Milpitas|Oct-19|$1,009K|40|51|47
Milpitas|Nov-19|$933K|36|19|30
Milpitas|Dec-19|$929K|27|7|36
Milpitas|Jan-20|$924K|21|35|51
Milpitas|Feb-20|$1,015K|33|40|13
Milpitas|Mar-20|$1,070K|37|50|11
Milpitas|Apr-20|$1,050K|29|25|12
Milpitas|May-20|$1,100K|13|38|35
Milpitas|Jun-20|$943K|45|55|24
Milpitas|Jul-20|$1,183K|45|59|17
Milpitas|Aug-20|$1,041K|41|61|16
Milpitas|Sep-20|$1,041K|55|59|16
Milpitas|Oct-20|$1,050K|63|53|14
Milpitas|Nov-20|$1,082K|39|32|12
Milpitas|Dec-20|$1,110K|45|34|13
Milpitas|Jan-21|$1,063K|43|45|14
Milpitas|Feb-21|$1,069K|34|51|10
Milpitas|Mar-21|$1,150K|49|80|9
Milpitas|Apr-21|$1,204K|68|75|9
Milpitas|May-21|$1,210K|78|77|13
Milpitas|Jun-21|$1,185K|57|85|9
Milpitas|Jul-21|$1,255K|76|89|12
Milpitas|Aug-21|$1,240K|71|68|12
Milpitas|Sep-21|$1,161K|76|65|14
Milpitas|Oct-21|$1,170K|70|48|11
Milpitas|Nov-21|$1,223K|54|25|11
Milpitas|Dec-21|$1,228K|44|25|9
Milpitas|Jan-22|$1,168K|20|56|11
Milpitas|Feb-22|$1,215K|48|68|7
Milpitas|Mar-22|$1,475K|69|65|8
Morgan Hill|Feb-12|$513K|33|74|63
Morgan Hill|Mar-12|$435K|40|66|27
Morgan Hill|Apr-12|$500K|49|51|40
Morgan Hill|May-12|$573K|56|66|35
Morgan Hill|Jun-12|$559K|63|63|14
Morgan Hill|Jul-12|$585K|52|54|41
Morgan Hill|Aug-12|$520K|47|63|15
Morgan Hill|Sep-12|$538K|48|50|16
Morgan Hill|Oct-12|$525K|55|40|32
Morgan Hill|Nov-12|$501K|46|25|13
Morgan Hill|Dec-12|$617K|62|21|23
Morgan Hill|Jan-13|$527K|28|49|38
Morgan Hill|Feb-13|$570K|37|34|20
Morgan Hill|Mar-13|$610K|41|50|14
Morgan Hill|Apr-13|$637K|42|61|11
Morgan Hill|May-13|$620K|51|71|11
Morgan Hill|Jun-13|$629K|42|66|12
Morgan Hill|Jul-13|$705K|56|77|14
Morgan Hill|Aug-13|$695K|47|55|15
Morgan Hill|Sep-13|$637K|49|50|17
Morgan Hill|Oct-13|$660K|49|50|29
Morgan Hill|Nov-13|$579K|51|42|23
Morgan Hill|Dec-13|$647K|40|26|39
Morgan Hill|Jan-14|$558K|32|53|18
Morgan Hill|Feb-14|$660K|41|50|31
Morgan Hill|Mar-14|$580K|39|65|14
Morgan Hill|Apr-14|$680K|47|71|15
Morgan Hill|May-14|$645K|58|81|16
Morgan Hill|Jun-14|$735K|44|79|12
Morgan Hill|Jul-14|$675K|65|71|17
Morgan Hill|Aug-14|$655K|51|65|19
Morgan Hill|Sep-14|$685K|54|53|26
Morgan Hill|Oct-14|$700K|63|39|44
Morgan Hill|Nov-14|$699K|40|23|38
Morgan Hill|Dec-14|$715K|47|16|64
Morgan Hill|Jan-15|$694K|28|41|60
Morgan Hill|Feb-15|$780K|33|55|39
Morgan Hill|Mar-15|$720K|32|60|30
Morgan Hill|Apr-15|$750K|68|75|23
Morgan Hill|May-15|$768K|54|65|12
Morgan Hill|Jun-15|$837K|60|72|18
Morgan Hill|Jul-15|$840K|55|72|24
Morgan Hill|Aug-15|$815K|51|43|34
Morgan Hill|Sep-15|$720K|49|58|50
Morgan Hill|Oct-15|$745K|48|42|45
Morgan Hill|Nov-15|$750K|39|30|48
Morgan Hill|Dec-15|$761K|49|25|50
Morgan Hill|Jan-16|$717K|36|26|55
Morgan Hill|Feb-16|$765K|20|46|21
Morgan Hill|Mar-16|$855K|24|85|36
Morgan Hill|Apr-16|$800K|43|71|34
Morgan Hill|May-16|$765K|61|70|29
Morgan Hill|Jun-16|$776K|53|72|40
Morgan Hill|Jul-16|$840K|59|57|38
Morgan Hill|Aug-16|$815K|47|66|47
Morgan Hill|Sep-16|$855K|49|57|43
Morgan Hill|Oct-16|$868K|48|36|62
Morgan Hill|Nov-16|$815K|59|32|72
Morgan Hill|Dec-16|$803K|46|16|47
Morgan Hill|Jan-17|$791K|28|35|78
Morgan Hill|Feb-17|$878K|26|43|44
Morgan Hill|Mar-17|$843K|56|70|24
Morgan Hill|Apr-17|$724K|26|74|25
Morgan Hill|May-17|$859K|59|67|28
Morgan Hill|Jun-17|$865K|69|79|37
Morgan Hill|Jul-17|$913K|43|72|38
Morgan Hill|Aug-17|$850K|65|67|35
Morgan Hill|Sep-17|$930K|59|57|40
Morgan Hill|Oct-17|$855K|53|51|34
Morgan Hill|Nov-17|$875K|57|48|33
Morgan Hill|Dec-17|$950K|69|15|31
Morgan Hill|Jan-18|$848K|34|37|41
Morgan Hill|Feb-18|$848K|34|57|13
Morgan Hill|Mar-18|$913K|42|52|11
Morgan Hill|Apr-18|$1,005K|58|69|24
Morgan Hill|May-18|$1,035K|67|71|14
Morgan Hill|Jun-18|$990K|55|62|14
Morgan Hill|Jul-18|$973K|58|73|28
Morgan Hill|Aug-18|$1,000K|62|55|19
Morgan Hill|Sep-18|$918K|38|61|40
Morgan Hill|Oct-18|$938K|36|41|56
Morgan Hill|Nov-18|$890K|43|44|43
Morgan Hill|Dec-18|$870K|29|14|49
Morgan Hill|Jan-19|$890K|21|29|51
Morgan Hill|Feb-19|$945K|20|66|67
Morgan Hill|Mar-19|$920K|47|65|35
Morgan Hill|Apr-19|$908K|50|73|28
Morgan Hill|May-19|$965K|63|103|30
Morgan Hill|Jun-19|$960K|56|71|42
Morgan Hill|Jul-19|$1,027K|54|45|40
Morgan Hill|Aug-19|$950K|57|52|56
Morgan Hill|Sep-19|$899K|47|60|54
Morgan Hill|Oct-19|$925K|47|63|50
Morgan Hill|Nov-19|$897K|46|28|48
Morgan Hill|Dec-19|$873K|48|14|59
Morgan Hill|Jan-20|$850K|25|45|80
Morgan Hill|Feb-20|$930K|43|70|43
Morgan Hill|Mar-20|$1,025K|42|67|24
Morgan Hill|Apr-20|$848K|40|36|36
Morgan Hill|May-20|$985K|45|67|43
Morgan Hill|Jun-20|$928K|64|60|36
Morgan Hill|Jul-20|$908K|80|73|35
Morgan Hill|Aug-20|$1,100K|73|71|30
Morgan Hill|Sep-20|$943K|62|76|19
Morgan Hill|Oct-20|$969K|76|71|35
Morgan Hill|Nov-20|$1,010K|68|54|26
Morgan Hill|Dec-20|$939K|68|34|22
Morgan Hill|Jan-21|$1,225K|31|47|30
Morgan Hill|Feb-21|$1,153K|32|63|25
Morgan Hill|Mar-21|$1,003K|64|82|15
Morgan Hill|Apr-21|$1,275K|87|79|12
Morgan Hill|May-21|$1,189K|78|81|10
Morgan Hill|Jun-21|$1,235K|67|74|10
Morgan Hill|Jul-21|$1,200K|82|65|16
Morgan Hill|Aug-21|$1,201K|61|57|12
Morgan Hill|Sep-21|$1,275K|45|55|8
Morgan Hill|Oct-21|$1,350K|63|54|19
Morgan Hill|Nov-21|$1,243K|52|48|12
Morgan Hill|Dec-21|$1,250K|58|28|12
Morgan Hill|Jan-22|$1,150K|37|30|9
Morgan Hill|Feb-22|$1,325K|25|55|9
Morgan Hill|Mar-22|$1,350K|57|73|8
Mountain View|Feb-12|$460K|56|67|75
Mountain View|Mar-12|$461K|76|76|130
Mountain View|Apr-12|$458K|72|67|58
Mountain View|May-12|$504K|81|84|24
Mountain View|Jun-12|$755K|69|50|9
Mountain View|Jul-12|$569K|59|68|66
Mountain View|Aug-12|$497K|57|59|22
Mountain View|Sep-12|$525K|54|67|68
Mountain View|Oct-12|$452K|64|62|91
Mountain View|Nov-12|$547K|61|45|45
Mountain View|Dec-12|$514K|49|20|51
Mountain View|Jan-13|$517K|34|49|25
Mountain View|Feb-13|$542K|44|66|110
Mountain View|Mar-13|$484K|58|49|42
Mountain View|Apr-13|$474K|54|81|27
Mountain View|May-13|$528K|74|89|17
Mountain View|Jun-13|$890K|69|57|9
Mountain View|Jul-13|$633K|74|75|18
Mountain View|Aug-13|$667K|65|71|25
Mountain View|Sep-13|$559K|58|66|28
Mountain View|Oct-13|$521K|71|81|50
Mountain View|Nov-13|$696K|62|30|65
Mountain View|Dec-13|$668K|42|22|62
Mountain View|Jan-14|$604K|34|38|116
Mountain View|Feb-14|$699K|37|39|41
Mountain View|Mar-14|$615K|31|63|26
Mountain View|Apr-14|$680K|58|71|22
Mountain View|May-14|$656K|57|70|20
Mountain View|Jun-14|$639K|69|57|56
Mountain View|Jul-14|$664K|56|70|15
Mountain View|Aug-14|$655K|56|58|25
Mountain View|Sep-14|$725K|59|63|31
Mountain View|Oct-14|$763K|51|48|52
Mountain View|Nov-14|$672K|51|26|57
Mountain View|Dec-14|$761K|27|20|80
Mountain View|Jan-15|$699K|25|37|36
Mountain View|Feb-15|$893K|32|51|19
Mountain View|Mar-15|$791K|55|64|17
Mountain View|Apr-15|$838K|54|66|26
Mountain View|May-15|$812K|62|79|28
Mountain View|Jun-15|$890K|65|69|25
Mountain View|Jul-15|$795K|63|65|31
Mountain View|Aug-15|$779K|58|58|34
Mountain View|Sep-15|$940K|48|78|25
Mountain View|Oct-15|$1,200K|57|44|14
Mountain View|Nov-15|$838K|55|35|25
Mountain View|Dec-15|$800K|42|23|55
Mountain View|Jan-16|$950K|36|59|41
Mountain View|Feb-16|$805K|34|57|154
Mountain View|Mar-16|$1,063K|49|67|39
Mountain View|Apr-16|$908K|61|70|54
Mountain View|May-16|$984K|65|84|41
Mountain View|Jun-16|$882K|71|61|22
Mountain View|Jul-16|$813K|56|65|23
Mountain View|Aug-16|$815K|56|53|24
Mountain View|Sep-16|$893K|46|90|48
Mountain View|Oct-16|$877K|72|54|47
Mountain View|Nov-16|$832K|61|31|32
Mountain View|Dec-16|$946K|46|18|52
Mountain View|Jan-17|$893K|26|37|85
Mountain View|Feb-17|$1,013K|30|43|68
Mountain View|Mar-17|$918K|58|74|17
Mountain View|Apr-17|$964K|63|55|20
Mountain View|May-17|$980K|58|59|133
Mountain View|Jun-17|$1,091K|57|67|20
Mountain View|Jul-17|$968K|55|56|26
Mountain View|Aug-17|$1,001K|71|54|46
Mountain View|Sep-17|$909K|49|57|159
Mountain View|Oct-17|$861K|53|66|31
Mountain View|Nov-17|$981K|50|43|23
Mountain View|Dec-17|$947K|50|15|20
Mountain View|Jan-18|$1,056K|19|34|49
Mountain View|Feb-18|$1,093K|39|58|24
Mountain View|Mar-18|$1,194K|54|57|42
Mountain View|Apr-18|$1,083K|49|85|14
Mountain View|May-18|$1,156K|74|76|16
Mountain View|Jun-18|$1,138K|59|66|18
Mountain View|Jul-18|$1,080K|52|57|69
Mountain View|Aug-18|$1,156K|56|53|36
Mountain View|Sep-18|$935K|33|69|50
Mountain View|Oct-18|$1,050K|50|78|27
Mountain View|Nov-18|$1,100K|51|40|61
Mountain View|Dec-18|$1,034K|31|15|35
Mountain View|Jan-19|$705K|27|46|70
Mountain View|Feb-19|$876K|23|52|96
Mountain View|Mar-19|$1,172K|38|64|50
Mountain View|Apr-19|$1,018K|51|67|20
Mountain View|May-19|$1,032K|77|80|36
Mountain View|Jun-19|$1,040K|57|56|22
Mountain View|Jul-19|$1,036K|44|63|44
Mountain View|Aug-19|$1,022K|65|62|28
Mountain View|Sep-19|$1,178K|42|65|44
Mountain View|Oct-19|$1,025K|55|57|23
Mountain View|Nov-19|$997K|44|23|36
Mountain View|Dec-19|$961K|40|8|108
Mountain View|Jan-20|$874K|24|50|87
Mountain View|Feb-20|$1,223K|34|66|57
Mountain View|Mar-20|$1,231K|39|50|16
Mountain View|Apr-20|$1,056K|20|34|26
Mountain View|May-20|$1,149K|30|62|38
Mountain View|Jun-20|$1,185K|54|85|31
Mountain View|Jul-20|$1,079K|53|91|92
Mountain View|Aug-20|$1,806K|44|59|17
Mountain View|Sep-20|$1,085K|74|73|22
Mountain View|Oct-20|$1,080K|62|109|24
Mountain View|Nov-20|$1,177K|50|52|74
Mountain View|Dec-20|$1,147K|70|38|31
Mountain View|Jan-21|$1,042K|39|83|36
Mountain View|Feb-21|$1,083K|68|94|41
Mountain View|Mar-21|$1,232K|75|103|31
Mountain View|Apr-21|$1,211K|117|89|22
Mountain View|May-21|$1,149K|79|99|50
Mountain View|Jun-21|$1,218K|83|91|22
Mountain View|Jul-21|$1,164K|72|90|20
Mountain View|Aug-21|$1,256K|87|67|34
Mountain View|Sep-21|$1,133K|66|84|37
Mountain View|Oct-21|$1,240K|71|66|74
Mountain View|Nov-21|$1,207K|73|39|40
Mountain View|Dec-21|$1,162K|63|20|65
Mountain View|Jan-22|$1,230K|26|58|24
Mountain View|Feb-22|$1,725K|44|67|8
Mountain View|Mar-22|$1,291K|67|81|14
Palo Alto|Feb-12|$1,443K|34|53|11
Palo Alto|Mar-12|$1,625K|53|64|11
Palo Alto|Apr-12|$1,585K|54|76|9
Palo Alto|May-12|$1,657K|63|81|9
Palo Alto|Jun-12|$1,495K|57|58|11
Palo Alto|Jul-12|$1,561K|60|77|12
Palo Alto|Aug-12|$1,451K|65|56|12
Palo Alto|Sep-12|$1,575K|44|72|11
Palo Alto|Oct-12|$1,625K|53|68|10
Palo Alto|Nov-12|$1,525K|73|35|14
Palo Alto|Dec-12|$1,710K|51|11|13
Palo Alto|Jan-13|$2,037K|23|33|17
Palo Alto|Feb-13|$1,903K|22|46|13
Palo Alto|Mar-13|$1,725K|44|45|10
Palo Alto|Apr-13|$2,096K|61|68|9
Palo Alto|May-13|$1,748K|57|64|9
Palo Alto|Jun-13|$1,620K|43|45|10
Palo Alto|Jul-13|$1,794K|50|56|9
Palo Alto|Aug-13|$1,762K|50|41|9
Palo Alto|Sep-13|$1,725K|39|62|9
Palo Alto|Oct-13|$1,945K|60|52|9
Palo Alto|Nov-13|$2,076K|50|19|9
Palo Alto|Dec-13|$1,900K|25|17|9
Palo Alto|Jan-14|$1,955K|14|29|9
Palo Alto|Feb-14|$2,168K|29|44|11
Palo Alto|Mar-14|$2,050K|37|61|9
Palo Alto|Apr-14|$2,100K|56|70|9
Palo Alto|May-14|$2,200K|55|46|9
Palo Alto|Jun-14|$2,223K|52|49|10
Palo Alto|Jul-14|$2,065K|44|42|10
Palo Alto|Aug-14|$2,350K|38|37|10
Palo Alto|Sep-14|$2,170K|41|62|11
Palo Alto|Oct-14|$2,225K|58|50|11
Palo Alto|Nov-14|$2,146K|31|19|14
Palo Alto|Dec-14|$1,925K|28|11|10
Palo Alto|Jan-15|$2,300K|13|25|19
Palo Alto|Feb-15|$2,680K|21|39|9
Palo Alto|Mar-15|$2,506K|44|63|9
Palo Alto|Apr-15|$2,530K|47|56|9
Palo Alto|May-15|$2,588K|40|46|11
Palo Alto|Jun-15|$2,290K|46|49|9
Palo Alto|Jul-15|$2,375K|46|51|13
Palo Alto|Aug-15|$2,512K|43|47|10
Palo Alto|Sep-15|$3,300K|21|53|11
Palo Alto|Oct-15|$2,493K|42|39|9
Palo Alto|Nov-15|$2,363K|22|25|15
Palo Alto|Dec-15|$2,300K|35|11|15
Palo Alto|Jan-16|$2,020K|17|30|10
Palo Alto|Feb-16|$2,170K|22|47|10
Palo Alto|Mar-16|$2,300K|43|71|13
Palo Alto|Apr-16|$2,500K|39|71|15
Palo Alto|May-16|$2,388K|60|52|18
Palo Alto|Jun-16|$2,442K|48|57|21
Palo Alto|Jul-16|$2,387K|44|55|22
Palo Alto|Aug-16|$2,280K|45|31|21
Palo Alto|Sep-16|$2,492K|46|71|19
Palo Alto|Oct-16|$2,540K|56|38|15
Palo Alto|Nov-16|$2,418K|44|21|13
Palo Alto|Dec-16|$2,200K|23|7|15
Palo Alto|Jan-17|$2,375K|13|24|53
Palo Alto|Feb-17|$2,309K|18|41|10
Palo Alto|Mar-17|$2,600K|43|63|9
Palo Alto|Apr-17|$2,710K|41|53|10
Palo Alto|May-17|$2,800K|46|49|9
Palo Alto|Jun-17|$2,480K|51|34|14
Palo Alto|Jul-17|$2,638K|42|39|12
Palo Alto|Aug-17|$2,663K|42|35|12
Palo Alto|Sep-17|$2,820K|43|52|11
Palo Alto|Oct-17|$2,675K|42|44|9
Palo Alto|Nov-17|$3,050K|42|26|9
Palo Alto|Dec-17|$2,590K|28|8|9
Palo Alto|Jan-18|$3,595K|14|27|11
Palo Alto|Feb-18|$2,860K|21|62|9
Palo Alto|Mar-18|$3,108K|54|43|9
Palo Alto|Apr-18|$3,574K|40|66|12
Palo Alto|May-18|$3,108K|50|55|9
Palo Alto|Jun-18|$2,973K|49|44|10
Palo Alto|Jul-18|$2,806K|38|47|15
Palo Alto|Aug-18|$2,968K|44|37|11
Palo Alto|Sep-18|$2,628K|18|70|14
Palo Alto|Oct-18|$2,805K|49|49|12
Palo Alto|Nov-18|$3,134K|31|25|13
Palo Alto|Dec-18|$2,400K|27|7|25
Palo Alto|Jan-19|$2,560K|21|46|44
Palo Alto|Feb-19|$2,590K|19|60|17
Palo Alto|Mar-19|$2,788K|38|38|12
Palo Alto|Apr-19|$2,965K|48|59|14
Palo Alto|May-19|$3,155K|44|56|9
Palo Alto|Jun-19|$2,980K|32|29|22
Palo Alto|Jul-19|$3,050K|27|42|40
Palo Alto|Aug-19|$2,726K|32|41|20
Palo Alto|Sep-19|$2,763K|32|61|20
Palo Alto|Oct-19|$2,750K|43|55|29
Palo Alto|Nov-19|$2,660K|38|18|20
Palo Alto|Dec-19|$2,763K|38|13|31
Palo Alto|Jan-20|$2,960K|17|38|45
Palo Alto|Feb-20|$2,704K|24|55|11
Palo Alto|Mar-20|$2,670K|29|43|9
Palo Alto|Apr-20|$2,550K|25|35|10
Palo Alto|May-20|$2,777K|31|65|19
Palo Alto|Jun-20|$2,660K|35|48|20
Palo Alto|Jul-20|$2,748K|52|66|17
Palo Alto|Aug-20|$2,875K|36|52|22
Palo Alto|Sep-20|$2,701K|48|70|28
Palo Alto|Oct-20|$2,660K|45|64|13
Palo Alto|Nov-20|$2,901K|54|33|21
Palo Alto|Dec-20|$2,562K|40|20|34
Palo Alto|Jan-21|$2,720K|28|41|68
Palo Alto|Feb-21|$2,900K|33|54|31
Palo Alto|Mar-21|$2,935K|48|81|12
Palo Alto|Apr-21|$3,160K|71|70|10
Palo Alto|May-21|$3,305K|59|87|12
Palo Alto|Jun-21|$3,488K|86|67|11
Palo Alto|Jul-21|$2,980K|58|57|10
Palo Alto|Aug-21|$3,300K|57|69|15
Palo Alto|Sep-21|$3,601K|55|84|12
Palo Alto|Oct-21|$3,225K|62|66|9
Palo Alto|Nov-21|$3,500K|69|26|11
Palo Alto|Dec-21|$3,760K|45|20|30
Palo Alto|Jan-22|$3,525K|30|33|35
Palo Alto|Feb-22|$2,900K|27|59|10
Palo Alto|Mar-22|$4,008K|55|66|9
San Jose|Feb-12|$403K|660|885|33
San Jose|Mar-12|$420K|882|1,007|25
San Jose|Apr-12|$470K|866|906|20
San Jose|May-12|$455K|1,053|1,038|17
San Jose|Jun-12|$500K|952|896|15
San Jose|Jul-12|$508K|853|859|14
San Jose|Aug-12|$520K|855|872|15
San Jose|Sep-12|$502K|732|761|14
San Jose|Oct-12|$517K|830|875|14
San Jose|Nov-12|$524K|796|592|14
San Jose|Dec-12|$510K|773|395|12
San Jose|Jan-13|$525K|522|660|15
San Jose|Feb-13|$550K|540|775|13
San Jose|Mar-13|$573K|768|928|11
San Jose|Apr-13|$628K|828|1,042|11
San Jose|May-13|$652K|932|1,151|11
San Jose|Jun-13|$640K|904|1,098|12
San Jose|Jul-13|$645K|882|1,195|12
San Jose|Aug-13|$620K|935|1,015|13
San Jose|Sep-13|$620K|839|923|15
San Jose|Oct-13|$625K|830|788|17
San Jose|Nov-13|$615K|666|537|18
San Jose|Dec-13|$605K|766|355|21
San Jose|Jan-14|$590K|498|662|19
San Jose|Feb-14|$617K|504|772|12
San Jose|Mar-14|$660K|649|914|12
San Jose|Apr-14|$680K|845|1,092|11
San Jose|May-14|$690K|905|1,136|12
San Jose|Jun-14|$695K|865|994|12
San Jose|Jul-14|$670K|909|1,087|13
San Jose|Aug-14|$692K|795|884|15
San Jose|Sep-14|$660K|777|893|15
San Jose|Oct-14|$680K|833|795|19
San Jose|Nov-14|$678K|658|462|27
San Jose|Dec-14|$676K|679|308|21
San Jose|Jan-15|$641K|468|598|27
San Jose|Feb-15|$690K|475|761|13
San Jose|Mar-15|$715K|707|1,025|11
San Jose|Apr-15|$769K|908|1,046|11
San Jose|May-15|$760K|891|1,084|10
San Jose|Jun-15|$770K|930|1,052|11
San Jose|Jul-15|$795K|947|1,089|15
San Jose|Aug-15|$755K|873|932|17
San Jose|Sep-15|$757K|820|864|22
San Jose|Oct-15|$760K|717|767|27
San Jose|Nov-15|$745K|595|496|29
San Jose|Dec-15|$750K|772|316|36
San Jose|Jan-16|$692K|485|563|35
San Jose|Feb-16|$753K|405|781|18
San Jose|Mar-16|$800K|683|1,062|15
San Jose|Apr-16|$821K|852|1,014|17
San Jose|May-16|$840K|855|1,093|16
San Jose|Jun-16|$835K|916|940|21
San Jose|Jul-16|$820K|757|937|30
San Jose|Aug-16|$790K|810|876|33
San Jose|Sep-16|$769K|815|846|31
San Jose|Oct-16|$813K|740|727|34
San Jose|Nov-16|$799K|727|476|35
San Jose|Dec-16|$776K|640|243|40
San Jose|Jan-17|$770K|462|581|41
San Jose|Feb-17|$827K|484|692|21
San Jose|Mar-17|$840K|713|961|15
San Jose|Apr-17|$878K|757|912|14
San Jose|May-17|$871K|876|986|14
San Jose|Jun-17|$890K|988|887|14
San Jose|Jul-17|$900K|849|772|15
San Jose|Aug-17|$876K|882|768|15
San Jose|Sep-17|$888K|767|696|13
San Jose|Oct-17|$950K|737|642|11
San Jose|Nov-17|$975K|654|463|11
San Jose|Dec-17|$1,000K|535|287|12
San Jose|Jan-18|$948K|372|556|11
San Jose|Feb-18|$1,051K|448|675|9
San Jose|Mar-18|$1,120K|683|859|9
San Jose|Apr-18|$1,125K|817|962|9
San Jose|May-18|$1,170K|862|1,079|10
San Jose|Jun-18|$1,110K|809|969|12
San Jose|Jul-18|$1,050K|727|966|16
San Jose|Aug-18|$1,081K|744|855|21
San Jose|Sep-18|$1,009K|660|915|27
San Jose|Oct-18|$1,039K|646|818|25
San Jose|Nov-18|$975K|583|524|32
San Jose|Dec-18|$958K|502|234|41
San Jose|Jan-19|$953K|393|596|48
San Jose|Feb-19|$950K|413|715|32
San Jose|Mar-19|$1,020K|634|865|22
San Jose|Apr-19|$1,030K|720|958|22
San Jose|May-19|$1,043K|795|1,095|22
San Jose|Jun-19|$1,060K|668|829|27
San Jose|Jul-19|$1,020K|711|763|28
San Jose|Aug-19|$960K|713|734|36
San Jose|Sep-19|$950K|568|672|37
San Jose|Oct-19|$945K|661|605|40
San Jose|Nov-19|$930K|616|376|36
San Jose|Dec-19|$960K|562|227|42
San Jose|Jan-20|$950K|401|523|36
San Jose|Feb-20|$1,004K|451|681|14
San Jose|Mar-20|$1,051K|528|642|12
San Jose|Apr-20|$1,050K|443|491|11
San Jose|May-20|$1,030K|347|706|25
San Jose|Jun-20|$1,100K|590|724|25
San Jose|Jul-20|$1,075K|714|856|22
San Jose|Aug-20|$1,080K|673|859|20
San Jose|Sep-20|$1,095K|787|904|20
San Jose|Oct-20|$1,120K|854|989|20
San Jose|Nov-20|$1,100K|755|576|16
San Jose|Dec-20|$1,058K|745|496|21
San Jose|Jan-21|$1,100K|548|690|22
San Jose|Feb-21|$1,069K|574|845|14
San Jose|Mar-21|$1,197K|820|1,041|11
San Jose|Apr-21|$1,213K|1,086|1,112|11
San Jose|May-21|$1,275K|990|1,064|10
San Jose|Jun-21|$1,280K|1,122|1,072|10
San Jose|Jul-21|$1,250K|966|1,105|10
San Jose|Aug-21|$1,250K|893|920|11
San Jose|Sep-21|$1,230K|917|915|12
San Jose|Oct-21|$1,250K|884|763|12
San Jose|Nov-21|$1,294K|850|522|11
San Jose|Dec-21|$1,300K|663|358|10
San Jose|Jan-22|$1,210K|465|608|9
San Jose|Feb-22|$1,375K|503|799|8
San Jose|Mar-22|$1,450K|833|975|8
Santa Clara|Feb-12|$475K|61|76|34
Santa Clara|Mar-12|$542K|101|97|26
Santa Clara|Apr-12|$485K|98|101|15
Santa Clara|May-12|$571K|106|111|10
Santa Clara|Jun-12|$653K|92|104|10
Santa Clara|Jul-12|$550K|89|88|12
Santa Clara|Aug-12|$600K|109|104|13
Santa Clara|Sep-12|$595K|98|72|14
Santa Clara|Oct-12|$585K|92|82|17
Santa Clara|Nov-12|$610K|78|72|11
Santa Clara|Dec-12|$599K|82|39|11
Santa Clara|Jan-13|$603K|56|72|12
Santa Clara|Feb-13|$602K|50|71|10
Santa Clara|Mar-13|$648K|84|91|9
Santa Clara|Apr-13|$680K|77|123|11
Santa Clara|May-13|$635K|101|145|11
Santa Clara|Jun-13|$695K|105|127|11
Santa Clara|Jul-13|$655K|117|118|11
Santa Clara|Aug-13|$670K|106|127|13
Santa Clara|Sep-13|$642K|96|105|13
Santa Clara|Oct-13|$690K|110|109|12
Santa Clara|Nov-13|$690K|99|65|13
Santa Clara|Dec-13|$732K|80|37|23
Santa Clara|Jan-14|$711K|58|64|15
Santa Clara|Feb-14|$741K|57|83|10
Santa Clara|Mar-14|$763K|78|113|11
Santa Clara|Apr-14|$711K|85|115|11
Santa Clara|May-14|$740K|103|131|10
Santa Clara|Jun-14|$790K|107|128|10
Santa Clara|Jul-14|$755K|125|106|11
Santa Clara|Aug-14|$773K|96|97|13
Santa Clara|Sep-14|$790K|91|87|10
Santa Clara|Oct-14|$780K|89|75|12
Santa Clara|Nov-14|$735K|53|38|15
Santa Clara|Dec-14|$835K|69|48|12
Santa Clara|Jan-15|$801K|55|58|10
Santa Clara|Feb-15|$755K|51|82|9
Santa Clara|Mar-15|$878K|69|104|9
Santa Clara|Apr-15|$850K|89|121|9
Santa Clara|May-15|$860K|102|126|9
Santa Clara|Jun-15|$910K|124|121|11
Santa Clara|Jul-15|$895K|117|135|11
Santa Clara|Aug-15|$923K|102|118|12
Santa Clara|Sep-15|$852K|87|101|12
Santa Clara|Oct-15|$920K|98|102|21
Santa Clara|Nov-15|$879K|90|63|22
Santa Clara|Dec-15|$910K|95|29|18
Santa Clara|Jan-16|$949K|50|52|38
Santa Clara|Feb-16|$1,012K|40|85|10
Santa Clara|Mar-16|$881K|84|116|12
Santa Clara|Apr-16|$960K|105|128|11
Santa Clara|May-16|$995K|92|123|13
Santa Clara|Jun-16|$972K|118|115|15
Santa Clara|Jul-16|$955K|78|97|22
Santa Clara|Aug-16|$946K|94|130|26
Santa Clara|Sep-16|$920K|93|82|26
Santa Clara|Oct-16|$972K|85|60|35
Santa Clara|Nov-16|$922K|75|54|28
Santa Clara|Dec-16|$963K|67|30|27
Santa Clara|Jan-17|$925K|33|67|29
Santa Clara|Feb-17|$963K|58|75|13
Santa Clara|Mar-17|$1,055K|77|121|12
Santa Clara|Apr-17|$1,045K|92|119|9
Santa Clara|May-17|$1,129K|124|132|10
Santa Clara|Jun-17|$1,160K|137|103|11
Santa Clara|Jul-17|$1,120K|93|116|10
Santa Clara|Aug-17|$1,243K|124|110|10
Santa Clara|Sep-17|$1,163K|102|81|10
Santa Clara|Oct-17|$1,145K|92|76|9
Santa Clara|Nov-17|$1,200K|87|79|9
Santa Clara|Dec-17|$1,328K|72|35|8
Santa Clara|Jan-18|$1,350K|53|76|9
Santa Clara|Feb-18|$1,500K|53|84|9
Santa Clara|Mar-18|$1,420K|99|104|9
Santa Clara|Apr-18|$1,450K|91|126|9
Santa Clara|May-18|$1,360K|102|153|9
Santa Clara|Jun-18|$1,430K|120|113|13
Santa Clara|Jul-18|$1,380K|97|102|14
Santa Clara|Aug-18|$1,319K|97|76|18
Santa Clara|Sep-18|$1,273K|66|130|16
Santa Clara|Oct-18|$1,266K|66|94|14
Santa Clara|Nov-18|$1,250K|63|65|27
Santa Clara|Dec-18|$1,200K|59|27|54
Santa Clara|Jan-19|$1,170K|43|79|39
Santa Clara|Feb-19|$1,268K|64|102|30
Santa Clara|Mar-19|$1,313K|84|101|23
Santa Clara|Apr-19|$1,255K|81|112|15
Santa Clara|May-19|$1,323K|102|125|20
Santa Clara|Jun-19|$1,333K|82|110|16
Santa Clara|Jul-19|$1,285K|87|103|23
Santa Clara|Aug-19|$1,240K|79|87|22
Santa Clara|Sep-19|$1,202K|86|94|25
Santa Clara|Oct-19|$1,175K|77|79|31
Santa Clara|Nov-19|$1,298K|80|40|21
Santa Clara|Dec-19|$1,248K|64|23|31
Santa Clara|Jan-20|$1,179K|46|59|30
Santa Clara|Feb-20|$1,235K|43|89|14
Santa Clara|Mar-20|$1,371K|85|119|9
Santa Clara|Apr-20|$1,410K|68|78|9
Santa Clara|May-20|$1,313K|44|93|14
Santa Clara|Jun-20|$1,350K|67|94|19
Santa Clara|Jul-20|$1,270K|89|127|25
Santa Clara|Aug-20|$1,405K|97|132|15
Santa Clara|Sep-20|$1,300K|90|120|18
Santa Clara|Oct-20|$1,300K|113|126|18
Santa Clara|Nov-20|$1,290K|115|60|21
Santa Clara|Dec-20|$1,270K|81|57|26
Santa Clara|Jan-21|$1,155K|58|80|34
Santa Clara|Feb-21|$1,351K|64|111|27
Santa Clara|Mar-21|$1,362K|98|112|13
Santa Clara|Apr-21|$1,425K|103|138|13
Santa Clara|May-21|$1,439K|120|145|12
Santa Clara|Jun-21|$1,425K|135|144|12
Santa Clara|Jul-21|$1,489K|140|136|10
Santa Clara|Aug-21|$1,422K|113|122|11
Santa Clara|Sep-21|$1,438K|124|112|14
Santa Clara|Oct-21|$1,450K|119|104|11
Santa Clara|Nov-21|$1,473K|104|75|11
Santa Clara|Dec-21|$1,438K|90|55|9
Santa Clara|Jan-22|$1,583K|66|116|10
Santa Clara|Feb-22|$1,555K|84|125|8
Santa Clara|Mar-22|$1,625K|134|132|8
Saratoga|Feb-12|$1,420K|25|47|63
Saratoga|Mar-12|$1,361K|45|60|14
Saratoga|Apr-12|$1,713K|50|48|15
Saratoga|May-12|$1,479K|46|71|15
Saratoga|Jun-12|$1,550K|47|58|18
Saratoga|Jul-12|$1,450K|49|56|20
Saratoga|Aug-12|$1,610K|37|48|21
Saratoga|Sep-12|$1,298K|41|44|20
Saratoga|Oct-12|$1,625K|29|26|28
Saratoga|Nov-12|$1,428K|42|25|34
Saratoga|Dec-12|$1,575K|39|15|57
Saratoga|Jan-13|$1,500K|23|31|60
Saratoga|Feb-13|$1,499K|33|43|13
Saratoga|Mar-13|$1,551K|32|61|11
Saratoga|Apr-13|$1,685K|47|73|12
Saratoga|May-13|$1,397K|60|51|11
Saratoga|Jun-13|$1,717K|45|51|16
Saratoga|Jul-13|$1,649K|49|52|13
Saratoga|Aug-13|$1,636K|45|37|14
Saratoga|Sep-13|$1,504K|34|42|13
Saratoga|Oct-13|$1,561K|28|24|18
Saratoga|Nov-13|$1,807K|33|21|17
Saratoga|Dec-13|$1,833K|28|11|12
Saratoga|Jan-14|$1,805K|15|35|21
Saratoga|Feb-14|$1,650K|23|41|11
Saratoga|Mar-14|$1,690K|37|55|12
Saratoga|Apr-14|$1,850K|42|43|11
Saratoga|May-14|$1,796K|38|60|14
Saratoga|Jun-14|$1,998K|43|50|15
Saratoga|Jul-14|$1,750K|46|42|17
Saratoga|Aug-14|$1,945K|36|36|19
Saratoga|Sep-14|$1,565K|33|33|15
Saratoga|Oct-14|$1,775K|30|28|16
Saratoga|Nov-14|$2,100K|23|26|20
Saratoga|Dec-14|$1,678K|24|14|22
Saratoga|Jan-15|$1,978K|18|32|19
Saratoga|Feb-15|$2,351K|25|30|10
Saratoga|Mar-15|$2,344K|28|41|14
Saratoga|Apr-15|$1,954K|28|72|10
Saratoga|May-15|$2,350K|51|67|12
Saratoga|Jun-15|$1,910K|54|45|14
Saratoga|Jul-15|$2,075K|45|40|24
Saratoga|Aug-15|$2,225K|44|32|29
Saratoga|Sep-15|$2,095K|26|37|15
Saratoga|Oct-15|$1,950K|36|22|14
Saratoga|Nov-15|$1,800K|21|23|47
Saratoga|Dec-15|$2,030K|21|9|19
Saratoga|Jan-16|$2,375K|11|30|42
Saratoga|Feb-16|$2,375K|20|31|35
Saratoga|Mar-16|$1,870K|25|64|22
Saratoga|Apr-16|$2,000K|48|50|21
Saratoga|May-16|$2,310K|42|52|13
Saratoga|Jun-16|$2,048K|33|44|26
Saratoga|Jul-16|$1,725K|36|47|28
Saratoga|Aug-16|$1,963K|40|41|25
Saratoga|Sep-16|$1,956K|43|45|35
Saratoga|Oct-16|$2,300K|25|27|23
Saratoga|Nov-16|$2,380K|47|20|49
Saratoga|Dec-16|$2,100K|25|8|48
Saratoga|Jan-17|$1,963K|14|30|44
Saratoga|Feb-17|$2,375K|23|36|16
Saratoga|Mar-17|$2,060K|27|49|16
Saratoga|Apr-17|$2,414K|34|44|12
Saratoga|May-17|$2,600K|47|57|15
Saratoga|Jun-17|$2,295K|40|28|16
Saratoga|Jul-17|$2,300K|39|40|27
Saratoga|Aug-17|$2,320K|37|39|13
Saratoga|Sep-17|$2,045K|36|37|16
Saratoga|Oct-17|$2,277K|35|39|20
Saratoga|Nov-17|$2,300K|31|24|15
Saratoga|Dec-17|$2,420K|28|15|16
Saratoga|Jan-18|$2,320K|14|22|13
Saratoga|Feb-18|$3,250K|17|32|34
Saratoga|Mar-18|$2,660K|34|46|11
Saratoga|Apr-18|$2,450K|34|40|14
Saratoga|May-18|$2,500K|37|55|12
Saratoga|Jun-18|$2,775K|38|49|12
Saratoga|Jul-18|$2,603K|28|45|22
Saratoga|Aug-18|$2,550K|34|27|25
Saratoga|Sep-18|$2,865K|26|39|23
Saratoga|Oct-18|$2,600K|29|27|18
Saratoga|Nov-18|$2,350K|25|11|49
Saratoga|Dec-18|$2,430K|22|6|57
Saratoga|Jan-19|$2,380K|10|37|46
Saratoga|Feb-19|$2,195K|16|30|20
Saratoga|Mar-19|$2,520K|19|54|17
Saratoga|Apr-19|$2,887K|36|62|33
Saratoga|May-19|$2,390K|51|49|20
Saratoga|Jun-19|$2,880K|33|45|25
Saratoga|Jul-19|$2,350K|41|33|27
Saratoga|Aug-19|$2,460K|30|34|56
Saratoga|Sep-19|$2,465K|24|32|21
Saratoga|Oct-19|$2,458K|35|34|49
Saratoga|Nov-19|$2,400K|23|15|34
Saratoga|Dec-19|$2,588K|24|9|34
Saratoga|Jan-20|$1,900K|20|18|35
Saratoga|Feb-20|$2,453K|23|50|60
Saratoga|Mar-20|$2,304K|20|29|12
Saratoga|Apr-20|$2,213K|24|14|10
Saratoga|May-20|$2,200K|19|35|28
Saratoga|Jun-20|$2,590K|29|44|27
Saratoga|Jul-20|$2,650K|49|33|20
Saratoga|Aug-20|$2,850K|29|31|13
Saratoga|Sep-20|$2,967K|32|40|20
Saratoga|Oct-20|$2,855K|30|49|10
Saratoga|Nov-20|$2,838K|36|23|9
Saratoga|Dec-20|$3,100K|27|18|33
Saratoga|Jan-21|$2,775K|25|36|31
Saratoga|Feb-21|$2,882K|32|40|17
Saratoga|Mar-21|$3,128K|40|52|12
Saratoga|Apr-21|$2,790K|52|71|10
Saratoga|May-21|$3,405K|51|54|11
Saratoga|Jun-21|$3,113K|58|44|13
Saratoga|Jul-21|$2,816K|42|52|9
Saratoga|Aug-21|$3,363K|44|42|13
Saratoga|Sep-21|$3,475K|45|47|10
Saratoga|Oct-21|$3,366K|43|34|12
Saratoga|Nov-21|$2,825K|39|12|13
Saratoga|Dec-21|$3,479K|24|9|17
Saratoga|Jan-22|$4,209K|9|22|18
Saratoga|Feb-22|$3,150K|21|37|10
Saratoga|Mar-22|$3,475K|36|45|8
Sunnyvale|Feb-12|$561K|79|68|23
Sunnyvale|Mar-12|$539K|80|107|14
Sunnyvale|Apr-12|$675K|107|100|13
Sunnyvale|May-12|$723K|122|121|10
Sunnyvale|Jun-12|$795K|102|116|10
Sunnyvale|Jul-12|$702K|106|108|9
Sunnyvale|Aug-12|$700K|123|108|9
Sunnyvale|Sep-12|$839K|96|96|9
Sunnyvale|Oct-12|$730K|100|92|11
Sunnyvale|Nov-12|$690K|80|60|10
Sunnyvale|Dec-12|$865K|73|39|11
Sunnyvale|Jan-13|$680K|44|71|10
Sunnyvale|Feb-13|$683K|58|76|9
Sunnyvale|Mar-13|$780K|90|124|9
Sunnyvale|Apr-13|$730K|132|134|9
Sunnyvale|May-13|$805K|116|137|9
Sunnyvale|Jun-13|$839K|94|149|9
Sunnyvale|Jul-13|$828K|126|139|11
Sunnyvale|Aug-13|$760K|138|122|10
Sunnyvale|Sep-13|$847K|110|94|10
Sunnyvale|Oct-13|$793K|98|88|12
Sunnyvale|Nov-13|$784K|82|55|12
Sunnyvale|Dec-13|$860K|75|26|13
Sunnyvale|Jan-14|$740K|37|62|10
Sunnyvale|Feb-14|$830K|53|82|10
Sunnyvale|Mar-14|$903K|77|83|9
Sunnyvale|Apr-14|$887K|88|131|9
Sunnyvale|May-14|$928K|100|111|10
Sunnyvale|Jun-14|$908K|92|117|10
Sunnyvale|Jul-14|$915K|109|121|9
Sunnyvale|Aug-14|$896K|125|95|9
Sunnyvale|Sep-14|$920K|95|97|12
Sunnyvale|Oct-14|$962K|92|99|11
Sunnyvale|Nov-14|$899K|78|60|13
Sunnyvale|Dec-14|$955K|79|26|12
Sunnyvale|Jan-15|$925K|45|57|12
Sunnyvale|Feb-15|$1,039K|47|91|8
Sunnyvale|Mar-15|$1,051K|85|100|8
Sunnyvale|Apr-15|$1,225K|105|145|9
Sunnyvale|May-15|$1,170K|111|112|9
Sunnyvale|Jun-15|$1,225K|95|115|9
Sunnyvale|Jul-15|$1,180K|113|115|10
Sunnyvale|Aug-15|$1,195K|92|106|11
Sunnyvale|Sep-15|$1,100K|83|108|12
Sunnyvale|Oct-15|$1,080K|81|71|14
Sunnyvale|Nov-15|$1,028K|83|52|15
Sunnyvale|Dec-15|$1,148K|74|23|20
Sunnyvale|Jan-16|$1,024K|40|71|26
Sunnyvale|Feb-16|$1,152K|38|78|12
Sunnyvale|Mar-16|$1,200K|85|141|10
Sunnyvale|Apr-16|$1,151K|120|116|9
Sunnyvale|May-16|$1,170K|111|107|11
Sunnyvale|Jun-16|$1,375K|95|112|13
Sunnyvale|Jul-16|$1,268K|87|105|14
Sunnyvale|Aug-16|$1,066K|89|79|19
Sunnyvale|Sep-16|$1,225K|91|110|22
Sunnyvale|Oct-16|$1,218K|84|68|18
Sunnyvale|Nov-16|$1,350K|77|71|18
Sunnyvale|Dec-16|$1,270K|71|20|17
Sunnyvale|Jan-17|$1,255K|44|51|15
Sunnyvale|Feb-17|$1,430K|42|71|9
Sunnyvale|Mar-17|$1,338K|78|121|9
Sunnyvale|Apr-17|$1,409K|92|109|9
Sunnyvale|May-17|$1,578K|122|117|9
Sunnyvale|Jun-17|$1,415K|111|94|8
Sunnyvale|Jul-17|$1,335K|106|97|9
Sunnyvale|Aug-17|$1,377K|100|78|8
Sunnyvale|Sep-17|$1,351K|82|95|10
Sunnyvale|Oct-17|$1,450K|99|78|9
Sunnyvale|Nov-17|$1,600K|75|63|9
Sunnyvale|Dec-17|$1,631K|58|38|8
Sunnyvale|Jan-18|$1,685K|51|66|8
Sunnyvale|Feb-18|$1,691K|48|72|9
Sunnyvale|Mar-18|$1,700K|83|119|8
Sunnyvale|Apr-18|$1,753K|102|136|9
Sunnyvale|May-18|$1,725K|118|126|9
Sunnyvale|Jun-18|$1,670K|91|111|9
Sunnyvale|Jul-18|$1,509K|92|109|11
Sunnyvale|Aug-18|$1,600K|106|109|14
Sunnyvale|Sep-18|$1,530K|83|120|15
Sunnyvale|Oct-18|$1,530K|86|114|13
Sunnyvale|Nov-18|$1,524K|88|48|20
Sunnyvale|Dec-18|$1,450K|53|16|23
Sunnyvale|Jan-19|$1,530K|21|61|28
Sunnyvale|Feb-19|$1,416K|48|95|22
Sunnyvale|Mar-19|$1,550K|79|111|16
Sunnyvale|Apr-19|$1,581K|98|132|12
Sunnyvale|May-19|$1,528K|103|164|13
Sunnyvale|Jun-19|$1,584K|100|78|16
Sunnyvale|Jul-19|$1,500K|83|79|22
Sunnyvale|Aug-19|$1,483K|83|79|31
Sunnyvale|Sep-19|$1,575K|62|99|25
Sunnyvale|Oct-19|$1,498K|90|101|17
Sunnyvale|Nov-19|$1,505K|78|48|15
Sunnyvale|Dec-19|$1,568K|61|25|20
Sunnyvale|Jan-20|$1,450K|32|54|38
Sunnyvale|Feb-20|$1,319K|48|76|14
Sunnyvale|Mar-20|$1,719K|71|86|9
Sunnyvale|Apr-20|$1,698K|48|73|9
Sunnyvale|May-20|$1,762K|57|89|15
Sunnyvale|Jun-20|$1,805K|66|109|18
Sunnyvale|Jul-20|$1,640K|105|103|13
Sunnyvale|Aug-20|$1,690K|85|108|13
Sunnyvale|Sep-20|$1,425K|83|129|9
Sunnyvale|Oct-20|$1,685K|99|135|13
Sunnyvale|Nov-20|$1,450K|103|68|12
Sunnyvale|Dec-20|$1,478K|88|60|20
Sunnyvale|Jan-21|$1,598K|68|113|28
Sunnyvale|Feb-21|$1,405K|65|126|15
Sunnyvale|Mar-21|$1,588K|138|144|11
Sunnyvale|Apr-21|$1,530K|139|158|10
Sunnyvale|May-21|$1,694K|126|144|9
Sunnyvale|Jun-21|$1,691K|151|157|10
Sunnyvale|Jul-21|$1,700K|122|138|9
Sunnyvale|Aug-21|$1,551K|121|131|10
Sunnyvale|Sep-21|$1,655K|118|131|11
Sunnyvale|Oct-21|$1,705K|138|106|9
Sunnyvale|Nov-21|$1,631K|117|73|10
Sunnyvale|Dec-21|$1,683K|106|39|11
Sunnyvale|Jan-22|$1,682K|64|91|9
Sunnyvale|Feb-22|$1,780K|67|130|8
Sunnyvale|Mar-22|$1,811K|119|149|8